Data,Centro de Custo,Empresa,Credor,Plano Financeiro,Valor
02/01/2026,1000,Young Empreendimentos e Participações Ltda,Eduardo Pereira Tebaldi,Distribuição de Dividendos,6731.77
02/01/2026,1000,Young Empreendimentos e Participações Ltda,Eduardo Pereira Tebaldi,Distribuição de Dividendos,1351.00
02/01/2026,1000,Young Empreendimentos e Participações Ltda,Eduardo Pereira Tebaldi,Distribuição de Dividendos,1351.02
02/01/2026,1000,Young Empreendimentos e Participações Ltda,Eduardo Pereira Tebaldi,Distribuição de Dividendos,1456.00
02/01/2026,1000,Young Empreendimentos e Participações Ltda,Eduardo Pereira Tebaldi,Distribuição de Dividendos,1518.00
02/01/2026,1000,Young Empreendimentos e Participações Ltda,Eduardo Pereira Tebaldi,Distribuição de Dividendos,1518.00
02/01/2026,1000,Young Empreendimentos e Participações Ltda,Eduardo Pereira Tebaldi,Distribuição de Dividendos,1518.00
02/01/2026,1000,Young Empreendimentos e Participações Ltda,Eduardo Pereira Tebaldi,Distribuição de Dividendos,1351.02
02/01/2026,1000,Young Empreendimentos e Participações Ltda,Eduardo Pereira Tebaldi,Distribuição de Dividendos,1351.02
02/01/2026,1000,Young Empreendimentos e Participações Ltda,Octávio Portal Tebaldi,Retirada de Pró-Labore,34691.45
02/01/2026,1000,Young Empreendimentos e Participações Ltda,Secretaria da Fazenda RS,Taxas Municipais Estaduais e Federais,197.50
06/01/2026,1000,Young Empreendimentos e Participações Ltda,Rodovias Integradas do Sul S/A,Despesas com Viagens,5.50
06/01/2026,1000,Young Empreendimentos e Participações Ltda,Rodovias Integradas do Sul S/A,Despesas com Viagens,5.50
06/01/2026,1000,Young Empreendimentos e Participações Ltda,Rodovias Integradas do Sul S/A,Despesas com Viagens,5.00
06/01/2026,1000,Young Empreendimentos e Participações Ltda,Rodovias Integradas do Sul S/A,Despesas com Viagens,5.00
06/01/2026,1000,Young Empreendimentos e Participações Ltda,Rodovias Integradas do Sul S/A,Despesas com Viagens,5.00
06/01/2026,1000,Young Empreendimentos e Participações Ltda,Rodovias Integradas do Sul S/A,Despesas com Viagens,5.00
06/01/2026,1000,Young Empreendimentos e Participações Ltda,Rodovias Integradas do Sul S/A,Despesas com Viagens,5.00
08/01/2026,1000,Young Empreendimentos e Participações Ltda,BANCO COOPERATIVO SICREDI S.A.,Sistemas e Ferramentas de Gestão,1679.12
09/01/2026,1000,Young Empreendimentos e Participações Ltda,A27 INSTITUICAO DE PAGAMENTOS S/A,Frota,2000.00
09/01/2026,1000,Young Empreendimentos e Participações Ltda,VALID CERTIFICADORA DIGITAL LTDA.,Cartórios e Registros,389.00
09/01/2026,1000,Young Empreendimentos e Participações Ltda,Savale Imóveis LTDA,Aluguéis e condomínios,525.67
09/01/2026,1000,Young Empreendimentos e Participações Ltda,Savale Imóveis LTDA,Aluguéis e condomínios,522.67
09/01/2026,1000,Young Empreendimentos e Participações Ltda,ARTHUR FOCHESATTO PANISSON,Honorários advocatícios e custas judiciais,2100.00
12/01/2026,1000,Young Empreendimentos e Participações Ltda,DNIT,Frota,312.37
12/01/2026,1000,Young Empreendimentos e Participações Ltda,DNIT,Frota,312.36
12/01/2026,1000,Young Empreendimentos e Participações Ltda,Rodovias Integradas do Sul S/A,Despesas com Viagens,5.00
12/01/2026,1000,Young Empreendimentos e Participações Ltda,Rodovias Integradas do Sul S/A,Despesas com Viagens,5.00
12/01/2026,1000,Young Empreendimentos e Participações Ltda,Rodovias Integradas do Sul S/A,Despesas com Viagens,5.00
12/01/2026,1000,Young Empreendimentos e Participações Ltda,Rodovias Integradas do Sul S/A,Despesas com Viagens,5.00
12/01/2026,1000,Young Empreendimentos e Participações Ltda,Rodovias Integradas do Sul S/A,Despesas com Viagens,5.00
12/01/2026,1000,Young Empreendimentos e Participações Ltda,Rodovias Integradas do Sul S/A,Despesas com Viagens,5.50
12/01/2026,1000,Young Empreendimentos e Participações Ltda,Rodovias Integradas do Sul S/A,Despesas com Viagens,5.50
12/01/2026,1000,Young Empreendimentos e Participações Ltda,Rodovias Integradas do Sul S/A,Despesas com Viagens,5.50
12/01/2026,1000,Young Empreendimentos e Participações Ltda,BANCO INTER S.A.,Sistemas e Ferramentas de Gestão,3078.67
14/01/2026,1000,Young Empreendimentos e Participações Ltda,Rodovias Integradas do Sul S/A,Despesas com Viagens,5.50
16/01/2026,1000,Young Empreendimentos e Participações Ltda,S OLIVEIRA DOS SANTOS,Frota,840.00
16/01/2026,1000,Young Empreendimentos e Participações Ltda,Telefonica Brasil S.A.,Telefone,246.76
16/01/2026,1000,Young Empreendimentos e Participações Ltda,Procor Processamento Contabil Ltda,Contabilidade,2112.00
19/01/2026,1000,Young Empreendimentos e Participações Ltda,Octávio Portal Tebaldi,Distribuição de Dividendos,8480.07
19/01/2026,1000,Young Empreendimentos e Participações Ltda,Rodovias Integradas do Sul S/A,Despesas com Viagens,5.50
20/01/2026,1000,Young Empreendimentos e Participações Ltda,Receita Federal,Recolhimento de PIS COFINS e CSLL,52.33
20/01/2026,1000,Young Empreendimentos e Participações Ltda,Receita Federal,Recolhimento Retençao IR,26.17
20/01/2026,1000,Young Empreendimentos e Participações Ltda,Receita Federal,Recolhimento de PIS COFINS e CSLL,11.34
20/01/2026,1000,Young Empreendimentos e Participações Ltda,Receita Federal,Recolhimento de PIS COFINS e CSLL,17.44
20/01/2026,1000,Young Empreendimentos e Participações Ltda,Receita Federal,Recolhimento de PIS COFINS e CSLL,33.00
20/01/2026,1000,Young Empreendimentos e Participações Ltda,Receita Federal,Recolhimento Retençao IR,16.50
20/01/2026,1000,Young Empreendimentos e Participações Ltda,Receita Federal,Recolhimento de PIS COFINS e CSLL,7.15
20/01/2026,1000,Young Empreendimentos e Participações Ltda,EICHENBERG E LOBATO ADVOGADOS ASSOCIADOS,Recolhimento de PIS COFINS e CSLL,11.00
20/01/2026,1000,Young Empreendimentos e Participações Ltda,Receita Federal,Encargos Sociais INSS,470.58
21/01/2026,1000,Young Empreendimentos e Participações Ltda,NUNES DUARTE E MAGANHA SOCIEDADE DE ADVOGADOS,Honorários advocatícios e custas judiciais,1637.18
21/01/2026,1000,Young Empreendimentos e Participações Ltda,Rodovias Integradas do Sul S/A,Despesas com Viagens,5.50
21/01/2026,1000,Young Empreendimentos e Participações Ltda,Rodovias Integradas do Sul S/A,Despesas com Viagens,5.50
22/01/2026,1000,Young Empreendimentos e Participações Ltda,Rodovias Integradas do Sul S/A,Despesas com Viagens,5.50
23/01/2026,1000,Young Empreendimentos e Participações Ltda,WL Comercio de Peças Ltda,Frota,850.00
23/01/2026,1000,Young Empreendimentos e Participações Ltda,ALIANCA COMERCIO DE AUTO PECAS LTDA,Frota,328.00
23/01/2026,1000,Young Empreendimentos e Participações Ltda,ADRIANO BALOQUI DOS SANTOS,Frota,80.00
23/01/2026,1000,Young Empreendimentos e Participações Ltda,Receita Federal,PIS (sobre faturamento/receita),63.79
23/01/2026,1000,Young Empreendimentos e Participações Ltda,Receita Federal,COFINS (sobre faturamento/receita),392.55
23/01/2026,1000,Young Empreendimentos e Participações Ltda,EICHENBERG E LOBATO ADVOGADOS ASSOCIADOS,Honorários advocatícios e custas judiciais,1032.35
30/01/2026,1000,Young Empreendimentos e Participações Ltda,ADRIANO BALOQUI DOS SANTOS,Frota,100.00
30/01/2026,1000,Young Empreendimentos e Participações Ltda,Departamento Estadual de Trânsito,Frota,369.28
30/01/2026,1000,Young Empreendimentos e Participações Ltda,Procor Processamento Contabil Ltda,Contabilidade,2112.00
02/02/2026,1000,Young Empreendimentos e Participações Ltda,Octávio Portal Tebaldi,Retirada de Pró-Labore,39498.65
02/02/2026,1000,Young Empreendimentos e Participações Ltda,Eduardo Pereira Tebaldi,Distribuição de Dividendos,7937.44
02/02/2026,1000,Young Empreendimentos e Participações Ltda,Eduardo Pereira Tebaldi,Distribuição de Dividendos,1443.00
02/02/2026,1000,Young Empreendimentos e Participações Ltda,Eduardo Pereira Tebaldi,Distribuição de Dividendos,1442.69
02/02/2026,1000,Young Empreendimentos e Participações Ltda,Eduardo Pereira Tebaldi,Distribuição de Dividendos,1580.00
02/02/2026,1000,Young Empreendimentos e Participações Ltda,Eduardo Pereira Tebaldi,Distribuição de Dividendos,1621.00
02/02/2026,1000,Young Empreendimentos e Participações Ltda,Eduardo Pereira Tebaldi,Distribuição de Dividendos,1621.00
02/02/2026,1000,Young Empreendimentos e Participações Ltda,Eduardo Pereira Tebaldi,Distribuição de Dividendos,1621.00
02/02/2026,1000,Young Empreendimentos e Participações Ltda,Eduardo Pereira Tebaldi,Distribuição de Dividendos,1443.00
02/02/2026,1000,Young Empreendimentos e Participações Ltda,Eduardo Pereira Tebaldi,Distribuição de Dividendos,1442.69
02/02/2026,1000,Young Empreendimentos e Participações Ltda,Eduardo Pereira Tebaldi,Distribuição de Dividendos,1621.00
04/02/2026,1000,Young Empreendimentos e Participações Ltda,ASSOCIACAO COMERCIAL INDUSTRIAL E SERVICOS,Taxas Municipais Estaduais e Federais,168.00
06/02/2026,1000,Young Empreendimentos e Participações Ltda,CRISTIAN SARAIVA DA CUNHA,Manutenções,200.00
09/02/2026,1000,Young Empreendimentos e Participações Ltda,MUNICIPIO DE PORTO ALEGRE,Taxas Municipais Estaduais e Federais,4539.63
09/02/2026,1000,Young Empreendimentos e Participações Ltda,MUNICIPIO DE PORTO ALEGRE,Taxas Municipais Estaduais e Federais,339.77
09/02/2026,1000,Young Empreendimentos e Participações Ltda,BANCO COOPERATIVO SICREDI S.A.,Sistemas e Ferramentas de Gestão,2593.27
10/02/2026,1000,Young Empreendimentos e Participações Ltda,Savale Imóveis LTDA,Aluguéis e condomínios,525.67
10/02/2026,1000,Young Empreendimentos e Participações Ltda,LEONARDO DANNI QUINZZANI,Combustíveis e Lubrificantes - Administrativo,479.46
10/02/2026,1000,Young Empreendimentos e Participações Ltda,ARTHUR FOCHESATTO PANISSON,Honorários advocatícios e custas judiciais,2100.00
10/02/2026,1000,Young Empreendimentos e Participações Ltda,BANCO INTER S.A.,Sistemas e Ferramentas de Gestão,2677.39
12/02/2026,1000,Young Empreendimentos e Participações Ltda,Rodovias Integradas do Sul S/A,Despesas com Viagens,5.50
12/02/2026,1000,Young Empreendimentos e Participações Ltda,Rodovias Integradas do Sul S/A,Despesas com Viagens,2.40
12/02/2026,1000,Young Empreendimentos e Participações Ltda,Rodovias Integradas do Sul S/A,Despesas com Viagens,2.40
12/02/2026,1000,Young Empreendimentos e Participações Ltda,Rodovias Integradas do Sul S/A,Despesas com Viagens,2.40
13/02/2026,1000,Young Empreendimentos e Participações Ltda,Rodovias Integradas do Sul S/A,Despesas com Viagens,5.50
13/02/2026,1000,Young Empreendimentos e Participações Ltda,Rodovias Integradas do Sul S/A,Despesas com Viagens,5.50
13/02/2026,1000,Young Empreendimentos e Participações Ltda,Rodovias Integradas do Sul S/A,Despesas com Viagens,5.70
13/02/2026,1000,Young Empreendimentos e Participações Ltda,Rodovias Integradas do Sul S/A,Despesas com Viagens,2.40
18/02/2026,1000,Young Empreendimentos e Participações Ltda,Telefonica Brasil S.A.,Telefone,239.52
18/02/2026,1000,Young Empreendimentos e Participações Ltda,Rodovias Integradas do Sul S/A,Despesas com Viagens,5.50
18/02/2026,1000,Young Empreendimentos e Participações Ltda,Rodovias Integradas do Sul S/A,Despesas com Viagens,5.50
18/02/2026,1000,Young Empreendimentos e Participações Ltda,Rodovias Integradas do Sul S/A,Despesas com Viagens,5.50
18/02/2026,1000,Young Empreendimentos e Participações Ltda,Rodovias Integradas do Sul S/A,Despesas com Viagens,5.70
18/02/2026,1000,Young Empreendimentos e Participações Ltda,Rodovias Integradas do Sul S/A,Despesas com Viagens,5.70
18/02/2026,1000,Young Empreendimentos e Participações Ltda,Rodovias Integradas do Sul S/A,Despesas com Viagens,5.70
18/02/2026,1000,Young Empreendimentos e Participações Ltda,Rodovias Integradas do Sul S/A,Despesas com Viagens,2.40
18/02/2026,1000,Young Empreendimentos e Participações Ltda,Rodovias Integradas do Sul S/A,Despesas com Viagens,2.40
18/02/2026,1000,Young Empreendimentos e Participações Ltda,Rodovias Integradas do Sul S/A,Despesas com Viagens,2.40
18/02/2026,1000,Young Empreendimentos e Participações Ltda,BT MEDIACAO DE PAGAMENTOS LTDA,Sistemas e Ferramentas de Gestão,1194.00
19/02/2026,1000,Young Empreendimentos e Participações Ltda,Rodovias Integradas do Sul S/A,Despesas com Viagens,5.50
19/02/2026,1000,Young Empreendimentos e Participações Ltda,Rodovias Integradas do Sul S/A,Despesas com Viagens,5.50
19/02/2026,1000,Young Empreendimentos e Participações Ltda,Rodovias Integradas do Sul S/A,Despesas com Viagens,5.50
19/02/2026,1000,Young Empreendimentos e Participações Ltda,Rodovias Integradas do Sul S/A,Despesas com Viagens,5.50
19/02/2026,1000,Young Empreendimentos e Participações Ltda,Rodovias Integradas do Sul S/A,Despesas com Viagens,5.50
20/02/2026,1000,Young Empreendimentos e Participações Ltda,Receita Federal,Recolhimento de PIS COFINS e CSLL,52.33
20/02/2026,1000,Young Empreendimentos e Participações Ltda,Receita Federal,Recolhimento Retençao IR,26.17
20/02/2026,1000,Young Empreendimentos e Participações Ltda,Receita Federal,Recolhimento de PIS COFINS e CSLL,11.34
20/02/2026,1000,Young Empreendimentos e Participações Ltda,Receita Federal,Recolhimento de PIS COFINS e CSLL,17.44
20/02/2026,1000,Young Empreendimentos e Participações Ltda,Receita Federal,Recolhimento de PIS COFINS e CSLL,33.00
20/02/2026,1000,Young Empreendimentos e Participações Ltda,Receita Federal,Recolhimento Retençao IR,16.50
20/02/2026,1000,Young Empreendimentos e Participações Ltda,Receita Federal,Recolhimento de PIS COFINS e CSLL,7.15
20/02/2026,1000,Young Empreendimentos e Participações Ltda,Receita Federal,Recolhimento de PIS COFINS e CSLL,11.00
20/02/2026,1000,Young Empreendimentos e Participações Ltda,Procor Processamento Contabil Ltda,Contabilidade,2206.00
20/02/2026,1000,Young Empreendimentos e Participações Ltda,Receita Federal,Encargos Sociais INSS,502.51
20/02/2026,1000,Young Empreendimentos e Participações Ltda,Rodovias Integradas do Sul S/A,Despesas com Viagens,5.50
20/02/2026,1000,Young Empreendimentos e Participações Ltda,Rodovias Integradas do Sul S/A,Despesas com Viagens,5.50
20/02/2026,1000,Young Empreendimentos e Participações Ltda,Rodovias Integradas do Sul S/A,Despesas com Viagens,5.50
20/02/2026,1000,Young Empreendimentos e Participações Ltda,Rodovias Integradas do Sul S/A,Despesas com Viagens,5.50
20/02/2026,1000,Young Empreendimentos e Participações Ltda,Rodovias Integradas do Sul S/A,Despesas com Viagens,5.50
23/02/2026,1000,Young Empreendimentos e Participações Ltda,NUNES DUARTE E MAGANHA SOCIEDADE DE ADVOGADOS,Honorários advocatícios e custas judiciais,1637.18
23/02/2026,1000,Young Empreendimentos e Participações Ltda,Rodovias Integradas do Sul S/A,Despesas com Viagens,5.50
23/02/2026,1000,Young Empreendimentos e Participações Ltda,Rodovias Integradas do Sul S/A,Despesas com Viagens,5.50
23/02/2026,1000,Young Empreendimentos e Participações Ltda,Rodovias Integradas do Sul S/A,Despesas com Viagens,2.40
25/02/2026,1000,Young Empreendimentos e Participações Ltda,Receita Federal,PIS (sobre faturamento/receita),155.91
25/02/2026,1000,Young Empreendimentos e Participações Ltda,Receita Federal,COFINS (sobre faturamento/receita),959.44
25/02/2026,1000,Young Empreendimentos e Participações Ltda,Rodovias Integradas do Sul S/A,Despesas com Viagens,5.50
26/02/2026,1000,Young Empreendimentos e Participações Ltda,Rodovias Integradas do Sul S/A,Despesas com Viagens,5.50
26/02/2026,1000,Young Empreendimentos e Participações Ltda,Rodovias Integradas do Sul S/A,Despesas com Viagens,5.50
26/02/2026,1000,Young Empreendimentos e Participações Ltda,Rodovias Integradas do Sul S/A,Despesas com Viagens,5.50
27/02/2026,1000,Young Empreendimentos e Participações Ltda,HDI SEGUROS S.A.,Frota,2117.71
27/02/2026,1000,Young Empreendimentos e Participações Ltda,HDI SEGUROS S.A.,Frota,2400.01
27/02/2026,1000,Young Empreendimentos e Participações Ltda,EICHENBERG E LOBATO ADVOGADOS ASSOCIADOS,Honorários advocatícios e custas judiciais,1126.20
27/02/2026,1000,Young Empreendimentos e Participações Ltda,Rodovias Integradas do Sul S/A,Despesas com Viagens,5.50
27/02/2026,1000,Young Empreendimentos e Participações Ltda,Rodovias Integradas do Sul S/A,Despesas com Viagens,5.50
27/02/2026,1000,Young Empreendimentos e Participações Ltda,Rodovias Integradas do Sul S/A,Despesas com Viagens,5.50
02/03/2026,1000,Young Empreendimentos e Participações Ltda,Octávio Portal Tebaldi,Retirada de Pró-Labore,39461.14
02/03/2026,1000,Young Empreendimentos e Participações Ltda,Eduardo Pereira Tebaldi,Distribuição de Dividendos,7966.44
02/03/2026,1000,Young Empreendimentos e Participações Ltda,Eduardo Pereira Tebaldi,Distribuição de Dividendos,1443.00
02/03/2026,1000,Young Empreendimentos e Participações Ltda,Eduardo Pereira Tebaldi,Distribuição de Dividendos,1442.69
02/03/2026,1000,Young Empreendimentos e Participações Ltda,Eduardo Pereira Tebaldi,Distribuição de Dividendos,1581.00
02/03/2026,1000,Young Empreendimentos e Participações Ltda,Eduardo Pereira Tebaldi,Distribuição de Dividendos,1621.00
02/03/2026,1000,Young Empreendimentos e Participações Ltda,Eduardo Pereira Tebaldi,Distribuição de Dividendos,1621.00
02/03/2026,1000,Young Empreendimentos e Participações Ltda,Eduardo Pereira Tebaldi,Distribuição de Dividendos,1621.00
02/03/2026,1000,Young Empreendimentos e Participações Ltda,Eduardo Pereira Tebaldi,Distribuição de Dividendos,1443.00
02/03/2026,1000,Young Empreendimentos e Participações Ltda,Eduardo Pereira Tebaldi,Distribuição de Dividendos,1442.69
02/03/2026,1000,Young Empreendimentos e Participações Ltda,Eduardo Pereira Tebaldi,Distribuição de Dividendos,1621.00
05/03/2026,1000,Young Empreendimentos e Participações Ltda,Detran-RS,Taxas Municipais Estaduais e Federais,14.52
06/03/2026,1000,Young Empreendimentos e Participações Ltda,VITOR MATEUS CARDOSO DOS SANTOS LTDA,Frota,900.00
06/03/2026,1000,Young Empreendimentos e Participações Ltda,AUTO CENTER KARANGAS LTDA,Frota,135.00
06/03/2026,1000,Young Empreendimentos e Participações Ltda,ALIANCA COMERCIO DE AUTO PECAS LTDA,Frota,60.00
06/03/2026,1000,Young Empreendimentos e Participações Ltda,EICHENBERG E LOBATO ADVOGADOS ASSOCIADOS,Honorários advocatícios e custas judiciais,2095.20
06/03/2026,1000,Young Empreendimentos e Participações Ltda,Rodovias Integradas do Sul S/A,Despesas com Viagens,5.50
06/03/2026,1000,Young Empreendimentos e Participações Ltda,Rodovias Integradas do Sul S/A,Despesas com Viagens,5.50
06/03/2026,1000,Young Empreendimentos e Participações Ltda,Rodovias Integradas do Sul S/A,Despesas com Viagens,5.70
06/03/2026,1000,Young Empreendimentos e Participações Ltda,Rodovias Integradas do Sul S/A,Despesas com Viagens,2.40
06/03/2026,1000,Young Empreendimentos e Participações Ltda,Rodovias Integradas do Sul S/A,Despesas com Viagens,2.40
06/03/2026,1000,Young Empreendimentos e Participações Ltda,Rodovias Integradas do Sul S/A,Despesas com Viagens,2.40
06/03/2026,1000,Young Empreendimentos e Participações Ltda,Rodovias Integradas do Sul S/A,Despesas com Viagens,2.40
06/03/2026,1000,Young Empreendimentos e Participações Ltda,ARTHUR FOCHESATTO PANISSON,Honorários advocatícios e custas judiciais,2100.00
09/03/2026,1000,Young Empreendimentos e Participações Ltda,VITOR MATEUS CARDOSO DOS SANTOS LTDA,Frota,450.00
09/03/2026,1000,Young Empreendimentos e Participações Ltda,EICHENBERG E LOBATO ADVOGADOS ASSOCIADOS,Honorários advocatícios e custas judiciais,640.04
09/03/2026,1000,Young Empreendimentos e Participações Ltda,Rodovias Integradas do Sul S/A,Despesas com Viagens,2.40
09/03/2026,1000,Young Empreendimentos e Participações Ltda,Rodovias Integradas do Sul S/A,Despesas com Viagens,2.40
09/03/2026,1000,Young Empreendimentos e Participações Ltda,Rodovias Integradas do Sul S/A,Despesas com Viagens,2.40
09/03/2026,1000,Young Empreendimentos e Participações Ltda,Rodovias Integradas do Sul S/A,Despesas com Viagens,2.40
09/03/2026,1000,Young Empreendimentos e Participações Ltda,Rodovias Integradas do Sul S/A,Despesas com Viagens,5.50
09/03/2026,1000,Young Empreendimentos e Participações Ltda,Rodovias Integradas do Sul S/A,Despesas com Viagens,5.50
09/03/2026,1000,Young Empreendimentos e Participações Ltda,BANCO COOPERATIVO SICREDI S.A.,Sistemas e Ferramentas de Gestão,3224.57
10/03/2026,1000,Young Empreendimentos e Participações Ltda,Savale Imóveis LTDA,Aluguéis e condomínios,525.67
10/03/2026,1000,Young Empreendimentos e Participações Ltda,EICHENBERG E LOBATO ADVOGADOS ASSOCIADOS,Honorários advocatícios e custas judiciais,610.24
10/03/2026,1000,Young Empreendimentos e Participações Ltda,BANCO INTER S.A.,Sistemas e Ferramentas de Gestão,485.35
12/03/2026,1000,Young Empreendimentos e Participações Ltda,Rodovias Integradas do Sul S/A,Despesas com Viagens,5.50
13/03/2026,1000,Young Empreendimentos e Participações Ltda,JORGE DENIS DE AVILA BARRETO,Frota,2346.00
13/03/2026,1000,Young Empreendimentos e Participações Ltda,ALLIANZ SEGUROS S/A,Frota,5548.97
13/03/2026,1000,Young Empreendimentos e Participações Ltda,Procor Processamento Contabil Ltda,Contabilidade,2206.00
13/03/2026,1000,Young Empreendimentos e Participações Ltda,P R S Machado & Cia Ltda,Equipamentos,74.72
13/03/2026,1000,Young Empreendimentos e Participações Ltda,Rodovias Integradas do Sul S/A,Despesas com Viagens,5.50
17/03/2026,1000,Young Empreendimentos e Participações Ltda,Telefonica Brasil S.A.,Telefone,237.63
17/03/2026,1000,Young Empreendimentos e Participações Ltda,Rodovias Integradas do Sul S/A,Despesas com Viagens,5.50
17/03/2026,1000,Young Empreendimentos e Participações Ltda,Rodovias Integradas do Sul S/A,Despesas com Viagens,5.50
17/03/2026,1000,Young Empreendimentos e Participações Ltda,Rodovias Integradas do Sul S/A,Despesas com Viagens,5.50
18/03/2026,1000,Young Empreendimentos e Participações Ltda,Rodovias Integradas do Sul S/A,Despesas com Viagens,5.50
18/03/2026,1000,Young Empreendimentos e Participações Ltda,Rodovias Integradas do Sul S/A,Despesas com Viagens,5.50
18/03/2026,1000,Young Empreendimentos e Participações Ltda,Rodovias Integradas do Sul S/A,Despesas com Viagens,5.50
18/03/2026,1000,Young Empreendimentos e Participações Ltda,Rodovias Integradas do Sul S/A,Despesas com Viagens,5.50
19/03/2026,1000,Young Empreendimentos e Participações Ltda,Rodovias Integradas do Sul S/A,Despesas com Viagens,7.10
19/03/2026,1000,Young Empreendimentos e Participações Ltda,Rodovias Integradas do Sul S/A,Despesas com Viagens,7.10
20/03/2026,1000,Young Empreendimentos e Participações Ltda,Receita Federal,Recolhimento de PIS COFINS e CSLL,52.33
20/03/2026,1000,Young Empreendimentos e Participações Ltda,Receita Federal,Recolhimento Retençao IR,26.17
20/03/2026,1000,Young Empreendimentos e Participações Ltda,Receita Federal,Recolhimento de PIS COFINS e CSLL,11.34
20/03/2026,1000,Young Empreendimentos e Participações Ltda,Receita Federal,Recolhimento de PIS COFINS e CSLL,17.44
20/03/2026,1000,Young Empreendimentos e Participações Ltda,Receita Federal,Recolhimento de PIS COFINS e CSLL,18.00
20/03/2026,1000,Young Empreendimentos e Participações Ltda,Receita Federal,Recolhimento de PIS COFINS e CSLL,55.80
20/03/2026,1000,Young Empreendimentos e Participações Ltda,Receita Federal,Recolhimento de PIS COFINS e CSLL,137.30
20/03/2026,1000,Young Empreendimentos e Participações Ltda,Receita Federal,Recolhimento de PIS COFINS e CSLL,29.76
20/03/2026,1000,Young Empreendimentos e Participações Ltda,Receita Federal,Recolhimento de PIS COFINS e CSLL,41.94
20/03/2026,1000,Young Empreendimentos e Participações Ltda,EDUARDO ARISTIMUNHA DE LIMA E CIA LTDA.,Frota,1284.00
20/03/2026,1000,Young Empreendimentos e Participações Ltda,Rodovias Integradas do Sul S/A,Despesas com Viagens,5.50
20/03/2026,1000,Young Empreendimentos e Participações Ltda,Receita Federal,Encargos Sociais INSS,502.51
23/03/2026,1000,Young Empreendimentos e Participações Ltda,Rodovias Integradas do Sul S/A,Despesas com Viagens,6.30
23/03/2026,1000,Young Empreendimentos e Participações Ltda,NUNES DUARTE E MAGANHA SOCIEDADE DE ADVOGADOS,Honorários advocatícios e custas judiciais,1637.18
24/03/2026,1000,Young Empreendimentos e Participações Ltda,Rodovias Integradas do Sul S/A,Despesas com Viagens,5.50
25/03/2026,1000,Young Empreendimentos e Participações Ltda,Receita Federal,PIS COFINS e CSLL (sobre faturamento/receita),296.90
25/03/2026,1000,Young Empreendimentos e Participações Ltda,Receita Federal,COFINS (sobre faturamento/receita),1571.68
27/03/2026,1000,Young Empreendimentos e Participações Ltda,JORGE DENIS DE AVILA BARRETO,Frota,120.00
27/03/2026,1000,Young Empreendimentos e Participações Ltda,EICHENBERG E LOBATO ADVOGADOS ASSOCIADOS,Honorários advocatícios e custas judiciais,844.65
30/03/2026,1000,Young Empreendimentos e Participações Ltda,Rodovias Integradas do Sul S/A,Despesas com Viagens,5.40
30/03/2026,1000,Young Empreendimentos e Participações Ltda,Rodovias Integradas do Sul S/A,Despesas com Viagens,5.40
30/03/2026,1000,Young Empreendimentos e Participações Ltda,Rodovias Integradas do Sul S/A,Despesas com Viagens,5.40
30/03/2026,1000,Young Empreendimentos e Participações Ltda,Rodovias Integradas do Sul S/A,Despesas com Viagens,5.50
31/03/2026,1000,Young Empreendimentos e Participações Ltda,Rodovias Integradas do Sul S/A,Despesas com Viagens,5.50
31/03/2026,1000,Young Empreendimentos e Participações Ltda,Rodovias Integradas do Sul S/A,Despesas com Viagens,5.50
31/03/2026,1000,Young Empreendimentos e Participações Ltda,Rodovias Integradas do Sul S/A,Despesas com Viagens,5.50
31/03/2026,1000,Young Empreendimentos e Participações Ltda,Rodovias Integradas do Sul S/A,Despesas com Viagens,5.50
31/03/2026,1000,Young Empreendimentos e Participações Ltda,Rodovias Integradas do Sul S/A,Despesas com Viagens,5.40
31/03/2026,1000,Young Empreendimentos e Participações Ltda,Rodovias Integradas do Sul S/A,Despesas com Viagens,5.40
02/01/2026,2000,Young Incorporações e Construções Ltda,Rocky Ka,Conservação e limpeza de escritório,1000.00
02/01/2026,2000,Young Incorporações e Construções Ltda,ENTERPLAK PRODUTOS ELETRONICOS LTDA,Sistemas e Ferramentas de Gestão,249.00
02/01/2026,2000,Young Incorporações e Construções Ltda,GP TEMPORARY PLACEMENT LTDA,Custos Admissionais e Demissionais,187.61
02/01/2026,2000,Young Incorporações e Construções Ltda,FRANCISCO ARNALDO MACHADO DE CASTILHOS,Publicidade e Propaganda,460.00
02/01/2026,2000,Young Incorporações e Construções Ltda,ANGELA MARIA M DA COSTA LTDA,Uniformes e vestuário,1152.00
02/01/2026,2002,Young Incorporações e Construções Ltda,CREA-RS,ARTs,103.03
02/01/2026,2000,Young Incorporações e Construções Ltda,Antônio José Alves Ferreira,Salários e Ordenados,2208.00
02/01/2026,2000,Young Incorporações e Construções Ltda,Antonio Rocha de Oliveira,Salários e Ordenados,2136.00
02/01/2026,2000,Young Incorporações e Construções Ltda,Carla Tressoldi Santos,Salários e Ordenados,2141.00
02/01/2026,2000,Young Incorporações e Construções Ltda,Caroline de Lins Freiberger,Salários e Ordenados,3671.00
02/01/2026,2000,Young Incorporações e Construções Ltda,Cheikhou ka,Salários e Ordenados,1030.00
02/01/2026,2000,Young Incorporações e Construções Ltda,Daiane Monticelli Pisoni,Salários e Ordenados,6711.00
02/01/2026,2000,Young Incorporações e Construções Ltda,Gabrielle Diedrich de Souza,Salários e Ordenados,816.00
02/01/2026,2000,Young Incorporações e Construções Ltda,Juliana Alves da Silva Cardoso,Salários e Ordenados,5471.00
02/01/2026,2000,Young Incorporações e Construções Ltda,Lais Ferreira Nunes,Salários e Ordenados,3586.00
02/01/2026,2000,Young Incorporações e Construções Ltda,Matheus Vargas Fraga,Salários e Ordenados,2586.00
02/01/2026,2000,Young Incorporações e Construções Ltda,Maximo Kauan da Silva Tronchoni,Salários e Ordenados,2454.00
02/01/2026,2000,Young Incorporações e Construções Ltda,Samara Milcharek Davila,Salários e Ordenados,2833.00
02/01/2026,2000,Young Incorporações e Construções Ltda,Tainan Ramos Pugens,Salários e Ordenados,867.00
02/01/2026,2000,Young Incorporações e Construções Ltda,Suelen Lopes Santos,Salários e Ordenados,4402.00
02/01/2026,2000,Young Incorporações e Construções Ltda,LUIS EDUARDO CORTELINI,Salários e Ordenados,1736.00
02/01/2026,2000,Young Incorporações e Construções Ltda,ANDREICE JACQUES CASAGRANDE,Salários e Ordenados,11462.00
02/01/2026,2000,Young Incorporações e Construções Ltda,Caroline Montado Volpato,Retirada de Pró-Labore,10051.29
05/01/2026,2000,Young Incorporações e Construções Ltda,UNIMED PORTO ALEGRE,Plano de saúde,3163.13
05/01/2026,2000,Young Incorporações e Construções Ltda,Centro de Integração Empresa Escola - CIEERS,Cursos e Treinamentos,345.90
05/01/2026,2000,Young Incorporações e Construções Ltda,YAPAY PAGAMENTOS ONLINE LTDA,Sistemas e Ferramentas de Gestão,297.27
05/01/2026,2000,Young Incorporações e Construções Ltda,Associação Brasileira de Recursos Humanos,Salários e Ordenados,2078.79
05/01/2026,2000,Young Incorporações e Construções Ltda,BING IMOVEIS ADMINISTRADORA E CORRETORA LTDA,Aluguéis e condomínios,5232.88
05/01/2026,2000,Young Incorporações e Construções Ltda,ANDREA C PEREIRA,Despesas com Alimentação,85.80
06/01/2026,2000,Young Incorporações e Construções Ltda,ANDREA C PEREIRA,Despesas com Alimentação,42.90
09/01/2026,2000,Young Incorporações e Construções Ltda,SIND EMP EMPRESAS COMPRA VENDA LOC ADMN DE IMOVEIS RGS,Seguro de vida,172.50
09/01/2026,2002,Young Incorporações e Construções Ltda,61.917.783 ANDERSON RAMOS DA SILVA,Plotagens e impressões,145.00
09/01/2026,2000,Young Incorporações e Construções Ltda,Murilo da Silva Moraes,Frota,100.00
09/01/2026,2000,Young Incorporações e Construções Ltda,VANT PARK ESTACIONAMENTOS LTDA,Estacionamento,330.00
09/01/2026,2000,Young Incorporações e Construções Ltda,SOFTPLAN MULTISAAS S/A,Sistemas e Ferramentas de Gestão,2797.19
09/01/2026,2000,Young Incorporações e Construções Ltda,BRY TECNOLOGIA S.A,Sistemas e Ferramentas de Gestão,200.00
09/01/2026,2000,Young Incorporações e Construções Ltda,RODRIGO RIBAS FERREIRA,Salários e Ordenados,4025.98
09/01/2026,2002,Young Incorporações e Construções Ltda,63.433.022 AUGUSTO DE OLIVEIRA MESSAGI,Salários e Ordenados,6000.00
09/01/2026,2000,Young Incorporações e Construções Ltda,Evandro Lopes Chaves - Tabelião,Cartórios e Registros,218.67
12/01/2026,2000,Young Incorporações e Construções Ltda,HSA Medicina do Trabalho LTDA,Custos Admissionais e Demissionais,225.00
12/01/2026,2000,Young Incorporações e Construções Ltda,RAFAEL HUNDERTMARK DE OLIVEIRA,Honorários advocatícios e custas judiciais,1518.00
12/01/2026,2000,Young Incorporações e Construções Ltda,COMERCIAL BUFFON COMBUSTIVEIS,Combustíveis e Lubrificantes - Administrativo,311.27
12/01/2026,2000,Young Incorporações e Construções Ltda,BANCO INTER S.A.,Sistemas e Ferramentas de Gestão,19058.73
13/01/2026,2000,Young Incorporações e Construções Ltda,Companhia Estadual de Distribuição de Energia Eletrica,Luz,264.68
14/01/2026,2000,Young Incorporações e Construções Ltda,MRF ENGENHARIA LTDA,Salários e Ordenados,1500.00
15/01/2026,2000,Young Incorporações e Construções Ltda,Evandro Lopes Chaves - Tabelião,Cartórios e Registros,248.33
15/01/2026,2000,Young Incorporações e Construções Ltda,MICHELI DA SILVA SCHMITT PEREIRA LANCHES,Despesas com Alimentação,45.00
15/01/2026,2000,Young Incorporações e Construções Ltda,Unesul de Transportes Ltda,Despesas com Viagens,140.00
16/01/2026,2000,Young Incorporações e Construções Ltda,PAGAR.ME PAGAMENTOS S.A.,Sistemas e Ferramentas de Gestão,197.00
16/01/2026,2000,Young Incorporações e Construções Ltda,E HAUKE,Gestão de Medicina do Trabalho,346.50
16/01/2026,2000,Young Incorporações e Construções Ltda,HSA Medicina do Trabalho LTDA,Gestão de Medicina do Trabalho,220.50
16/01/2026,2000,Young Incorporações e Construções Ltda,JOSE VITOR BRAGA DOS SANTOS,Frota,100.00
16/01/2026,2000,Young Incorporações e Construções Ltda,MERCADOPAGO.COM REPRESENTACOES LTDA.,Móveis,339.00
16/01/2026,2000,Young Incorporações e Construções Ltda,V S KURTZ COMERCIO VAREJISTA DE TINTAS LTDA,Tintas solventes e seladores,89.08
16/01/2026,2000,Young Incorporações e Construções Ltda,Associação Brasileira de Recursos Humanos,Rescisões,1466.33
16/01/2026,2000,Young Incorporações e Construções Ltda,Procor Processamento Contabil Ltda,Contabilidade,2722.50
16/01/2026,2002,Young Incorporações e Construções Ltda,CAMILA DOS SANTOS VARGAS,Projetos,7800.00
16/01/2026,2000,Young Incorporações e Construções Ltda,Evandro Lopes Chaves - Tabelião,Cartórios e Registros,787.18
16/01/2026,2000,Young Incorporações e Construções Ltda,AEPRAX DIGITAL LTDA,Sistemas e Ferramentas de Gestão,875.00
16/01/2026,2000,Young Incorporações e Construções Ltda,Posto Marco Zero Eireli,Combustíveis e Lubrificantes - Administrativo,668.07
19/01/2026,2000,Young Incorporações e Construções Ltda,ELEÚ ROSA DE MENEZES,Repasses de gestão de carteira de permuta física,6411.30
19/01/2026,2000,Young Incorporações e Construções Ltda,Evandro Lopes Chaves - Tabelião,Cartórios e Registros,79.12
19/01/2026,2000,Young Incorporações e Construções Ltda,CREA-RS,ARTs,108.39
19/01/2026,2000,Young Incorporações e Construções Ltda,CREA-RS,ARTs,108.39
20/01/2026,2002,Young Incorporações e Construções Ltda,Receita Federal,Recolhimento de PIS COFINS e CSLL,210.00
20/01/2026,2002,Young Incorporações e Construções Ltda,Receita Federal,Recolhimento Retençao IR,105.00
20/01/2026,2002,Young Incorporações e Construções Ltda,Receita Federal,Recolhimento de PIS COFINS e CSLL,45.50
20/01/2026,2002,Young Incorporações e Construções Ltda,Receita Federal,Recolhimento de PIS COFINS e CSLL,70.00
20/01/2026,2000,Young Incorporações e Construções Ltda,Receita Federal,Recolhimento de PIS COFINS e CSLL,39.00
20/01/2026,2000,Young Incorporações e Construções Ltda,Receita Federal,Recolhimento Retençao IR,19.50
20/01/2026,2000,Young Incorporações e Construções Ltda,Receita Federal,Recolhimento de PIS COFINS e CSLL,8.45
20/01/2026,2000,Young Incorporações e Construções Ltda,Receita Federal,Recolhimento de PIS COFINS e CSLL,13.00
20/01/2026,2000,Young Incorporações e Construções Ltda,Receita Federal,Recolhimento de PIS COFINS e CSLL,89.41
20/01/2026,2000,Young Incorporações e Construções Ltda,Receita Federal,Recolhimento Retençao IR,44.71
20/01/2026,2000,Young Incorporações e Construções Ltda,Receita Federal,Recolhimento de PIS COFINS e CSLL,19.37
20/01/2026,2000,Young Incorporações e Construções Ltda,Receita Federal,Recolhimento de PIS COFINS e CSLL,29.80
20/01/2026,2000,Young Incorporações e Construções Ltda,Ministério da Fazenda,Encargos Sociais FGTS,5803.12
20/01/2026,2000,Young Incorporações e Construções Ltda,Ministério da Fazenda,Encargos Sociais FGTS,1377.95
20/01/2026,2000,Young Incorporações e Construções Ltda,Receita Federal,Encargos Sociais INSS,29565.04
20/01/2026,2000,Young Incorporações e Construções Ltda,Companhia Estadual de Distribuição de Energia Eletrica,Luz,245.96
20/01/2026,2000,Young Incorporações e Construções Ltda,Companhia Estadual de Distribuição de Energia Eletrica,Luz,45.99
20/01/2026,2000,Young Incorporações e Construções Ltda,Receita Federal,Recolhimento de PIS COFINS e CSLL,6.87
20/01/2026,2000,Young Incorporações e Construções Ltda,Receita Federal,Recolhimento de PIS COFINS e CSLL,1.49
20/01/2026,2000,Young Incorporações e Construções Ltda,Receita Federal,Recolhimento de PIS COFINS e CSLL,2.29
20/01/2026,2000,Young Incorporações e Construções Ltda,Jonathan Diniz Palmeira,Suprimentos,30.00
22/01/2026,2000,Young Incorporações e Construções Ltda,Companhia Riograndense de Saneamento,Água,269.99
22/01/2026,2000,Young Incorporações e Construções Ltda,Companhia Riograndense de Saneamento,Água,58.31
22/01/2026,2000,Young Incorporações e Construções Ltda,Jéssica da Silveira Marquevikis,Árvores plantas e mudas,125.00
22/01/2026,2002,Young Incorporações e Construções Ltda,Ministério da Fazenda,Taxas Municipais Estaduais e Federais,123.65
22/01/2026,2000,Young Incorporações e Construções Ltda,Uber do Brasil Tecnologia Ltda,Despesas com Viagens,10.94
22/01/2026,2000,Young Incorporações e Construções Ltda,Uber do Brasil Tecnologia Ltda,Despesas com Viagens,9.94
23/01/2026,2000,Young Incorporações e Construções Ltda,TRIANGULLO GRAFICA E EDITORA LTDA,Materiais de Escritório,1080.00
23/01/2026,2000,Young Incorporações e Construções Ltda,ANGELA MARIA M DA COSTA LTDA,Uniformes e vestuário,554.00
23/01/2026,2000,Young Incorporações e Construções Ltda,Receita Federal,PIS (sobre faturamento/receita),41.22
23/01/2026,2000,Young Incorporações e Construções Ltda,Receita Federal,COFINS (sobre faturamento/receita),253.70
23/01/2026,2000,Young Incorporações e Construções Ltda,Companhia Riograndense de Saneamento,Água,279.83
23/01/2026,2000,Young Incorporações e Construções Ltda,EICHENBERG E LOBATO ADVOGADOS ASSOCIADOS,Honorários advocatícios e custas judiciais,1220.05
26/01/2026,2000,Young Incorporações e Construções Ltda,M S Passos,Manutenções,140.00
26/01/2026,2000,Young Incorporações e Construções Ltda,SOFTPLAN MULTISAAS S/A,Sistemas e Ferramentas de Gestão,218.39
26/01/2026,2000,Young Incorporações e Construções Ltda,Telefonica Brasil S.A.,Telefone,1036.76
27/01/2026,2000,Young Incorporações e Construções Ltda,Uber do Brasil Tecnologia Ltda,Despesas com Viagens,20.00
27/01/2026,2000,Young Incorporações e Construções Ltda,123 VIAGENS E TURISMO LTDA,Despesas com Viagens,983.16
28/01/2026,2000,Young Incorporações e Construções Ltda,MRF ENGENHARIA LTDA,Salários e Ordenados,1500.00
30/01/2026,2000,Young Incorporações e Construções Ltda,M S Passos,Manutenções,889.00
30/01/2026,2000,Young Incorporações e Construções Ltda,VANT PARK ESTACIONAMENTOS LTDA,Estacionamento,330.00
30/01/2026,2000,Young Incorporações e Construções Ltda,A. SCHUVARZ CAIRUGA,Manutenções,500.00
30/01/2026,2000,Young Incorporações e Construções Ltda,Evandro Lopes Chaves - Tabelião,Cartórios e Registros,19.44
30/01/2026,2000,Young Incorporações e Construções Ltda,ABASTECEDORA FARROUPILHA LTDA,Combustíveis e Lubrificantes - Administrativo,40.00
30/01/2026,2000,Young Incorporações e Construções Ltda,VR BENEFICIOS E SERVICOS DE PROCESSAMENTO S.A,Vale Alimentação,3950.00
30/01/2026,2000,Young Incorporações e Construções Ltda,Procor Processamento Contabil Ltda,Contabilidade,2722.50
30/01/2026,2000,Young Incorporações e Construções Ltda,Posto Marco Zero Eireli,Combustíveis e Lubrificantes - Administrativo,591.11
30/01/2026,2000,Young Incorporações e Construções Ltda,SOFTPLAN MULTISAAS S/A,Sistemas e Ferramentas de Gestão,276.00
30/01/2026,2000,Young Incorporações e Construções Ltda,SOFTPLAN MULTISAAS S/A,Sistemas e Ferramentas de Gestão,1798.00
30/01/2026,2000,Young Incorporações e Construções Ltda,CRISTIAN SAN MARTIN DOS SANTOS,Manutenções,820.00
31/01/2026,2000,Young Incorporações e Construções Ltda,ALELO S.A,Despesas com Alimentação,1854.32
